Epoch,Training Loss,Validation Loss,Accuracy,F1,Precision,Recall
1,2.3325761047720213,0.43650391697883606,0.8199121522693997,0.8816169393647738,0.8267148014440433,0.9443298969072165
2,1.7965484083744518,0.3496061861515045,0.8389458272327965,0.8819742489270386,0.9194630872483222,0.8474226804123711
3,1.4966778671532346,0.35298964381217957,0.8448023426061494,0.8937875751503006,0.8693957115009746,0.9195876288659793
4,1.2107616223787006,0.3778841197490692,0.8550512445095169,0.8984615384615384,0.8938775510204081,0.9030927835051547
5,1.087213795087491,0.3916308283805847,0.8389458272327965,0.8788546255506607,0.9432624113475178,0.822680412371134
6,0.8804882562648483,0.5415545105934143,0.8506588579795022,0.8935281837160751,0.904862579281184,0.8824742268041237
7,0.7276411446911549,0.638009786605835,0.8418740849194729,0.8846153846153846,0.917960088691796,0.8536082474226804
