{
  "model": "vinai/phobert-base-v2",
  "scenario": "lead_only",
  "epochs": 10,
  "batch_size": 8,
  "learning_rate": 2e-05,
  "max_length": 256,
  "test_metrics": {
    "precision": 0.7847866419294991,
    "recall": 0.7704532915695244,
    "f1-score": 0.7767401138187655
  },
  "train_runtime_seconds": 343.24
}