{
  "model": "vinai/phobert-base-v2",
  "scenario": "title_only",
  "epochs": 10,
  "batch_size": 8,
  "learning_rate": 2e-05,
  "max_length": 256,
  "test_metrics": {
    "precision": 0.8274322660098522,
    "recall": 0.8406894587908665,
    "f1-score": 0.8333151759450921
  },
  "train_runtime_seconds": 261.19
}